Month,Bench,Elo 2200+,Elo 1800-2199,Elo 1400-1799
2024-08,44262943988,{-1: 4; -2: 20; -3: 20; -4: 17; 5: 2; -5: 21; 6: 10; -6: 19; 7: 25; -7: 26; 8: 50; -8: 39; 9: 128; -9: 50; 10: 212; -10: 39; 11: 400; -11: 63; 12: 670; -12: 64; 13: 1051; -13: 81; 14: 1485; -14: 65; 15: 2093; -15: 77; 16: 3851; -16: 71; 17: 6988; -17: 100; 18: 6207; -18: 61; 19: 6525; -19: 78; 20: 7283; -20: 69; 21: 7315; -21: 93; 22: 7670; -22: 59; 23: 7273; -23: 94; 24: 6922; -24: 62; 25: 6355; -25: 66; 26: 5475; -26: 43; 27: 4454; -27: 49; 28: 3826; -28: 32; 29: 2862; -29: 39; 30: 2391; -30: 27; 31: 1799; -31: 28; 32: 1397; -32: 16; 33: 971; -33: 15; 34: 719; -34: 7; 35: 513; -35: 9; 36: 409; -36: 10; 37: 301; -37: 9; 38: 204; -38: 4; 39: 160; -39: 2; 40: 104; -40: 1; 41: 72; -41: 1; 42: 47; -42: 3; 43: 53; -43: 1; 44: 26; 45: 10; 46: 16; -46: 1; 47: 9; 48: 2; 49: 4; 50: 1; 51: 1; 53: 1; 57: 1; -61: 1; 65: 1},{-1: 3; -2: 44; -3: 28; -4: 33; 5: 4; -5: 37; 6: 10; -6: 52; 7: 35; -7: 59; 8: 102; -8: 64; 9: 232; -9: 79; 10: 413; -10: 59; 11: 798; -11: 85; 12: 1298; -12: 95; 13: 1814; -13: 106; 14: 2743; -14: 112; 15: 3624; -15: 110; 16: 6527; -16: 101; 17: 11408; -17: 158; 18: 8794; -18: 91; 19: 8427; -19: 95; 20: 8644; -20: 94; 21: 7705; -21: 78; 22: 7333; -22: 69; 23: 6171; -23: 66; 24: 5661; -24: 46; 25: 4622; -25: 42; 26: 3372; -26: 34; 27: 2505; -27: 28; 28: 1876; -28: 19; 29: 1234; -29: 13; 30: 916; -30: 12; 31: 610; -31: 8; 32: 433; -32: 3; 33: 249; -33: 6; 34: 191; -34: 7; 35: 112; -35: 4; 36: 64; -36: 1; 37: 55; -37: 1; 38: 23; -38: 2; 39: 16; 40: 12; 41: 6; 42: 7; -42: 1; 43: 4; 44: 2; 46: 1; 48: 1; 55: 1},{-1: 4; -2: 58; -3: 51; -4: 54; 5: 6; -5: 64; 6: 30; -6: 95; 7: 87; -7: 99; 8: 212; -8: 114; 9: 447; -9: 123; 10: 924; -10: 123; 11: 1470; -11: 155; 12: 2338; -12: 162; 13: 3242; -13: 197; 14: 4429; -14: 186; 15: 5507; -15: 240; 16: 9122; -16: 198; 17: 14169; -17: 224; 18: 9935; -18: 172; 19: 8641; -19: 128; 20: 8062; -20: 132; 21: 6700; -21: 89; 22: 5934; -22: 73; 23: 4510; -23: 57; 24: 3606; -24: 47; 25: 2691; -25: 28; 26: 1771; -26: 25; 27: 1211; -27: 13; 28: 803; -28: 5; 29: 470; -29: 9; 30: 311; -30: 4; 31: 178; -31: 1; 32: 104; -32: 1; 33: 68; -33: 1; 34: 41; -34: 1; 35: 23; -35: 1; 36: 11; 37: 8; 38: 1; 40: 1; 42: 2; -60: 1}
2024-09,44262943988,{-1: 3; -2: 22; -3: 15; -4: 9; 5: 4; -5: 21; 6: 5; -6: 20; 7: 31; -7: 31; 8: 50; -8: 32; 9: 105; -9: 42; 10: 241; -10: 38; 11: 440; -11: 48; 12: 689; -12: 56; 13: 951; -13: 52; 14: 1548; -14: 56; 15: 2119; -15: 95; 16: 3837; -16: 73; 17: 7005; -17: 93; 18: 6119; -18: 67; 19: 6622; -19: 83; 20: 7208; -20: 76; 21: 7384; -21: 101; 22: 7676; -22: 56; 23: 7173; -23: 85; 24: 7029; -24: 52; 25: 6229; -25: 53; 26: 5325; -26: 49; 27: 4677; -27: 47; 28: 3846; -28: 25; 29: 3067; -29: 28; 30: 2331; -30: 23; 31: 1765; -31: 22; 32: 1347; -32: 8; 33: 971; -33: 13; 34: 729; -34: 8; 35: 553; -35: 10; 36: 414; -36: 8; 37: 250; -37: 5; 38: 228; -38: 4; 39: 165; -39: 4; 40: 93; -40: 2; 41: 61; 42: 47; -42: 1; 43: 35; 44: 33; -44: 1; 45: 20; 46: 9; -46: 1; 47: 8; 48: 6; 49: 3; 50: 1; -50: 1; 51: 1; 52: 2; 53: 4; 54: 1; -63: 1; 64: 1; -65: 1; 70: 1},{-1: 1; -2: 32; -3: 28; -4: 26; 5: 2; -5: 37; 6: 10; -6: 47; 7: 30; -7: 51; 8: 91; -8: 60; 9: 219; -9: 67; 10: 436; -10: 67; 11: 763; -11: 87; 12: 1167; -12: 90; 13: 1910; -13: 131; 14: 2694; -14: 110; 15: 3736; -15: 140; 16: 6598; -16: 130; 17: 11428; -17: 135; 18: 8897; -18: 109; 19: 8634; -19: 114; 20: 8418; -20: 83; 21: 7835; -21: 84; 22: 7401; -22: 73; 23: 6362; -23: 63; 24: 5350; -24: 53; 25: 4439; -25: 63; 26: 3331; -26: 25; 27: 2426; -27: 31; 28: 1840; -28: 17; 29: 1260; -29: 11; 30: 995; -30: 14; 31: 592; -31: 10; 32: 408; -32: 7; 33: 256; -33: 7; 34: 168; -34: 3; 35: 84; -35: 4; 36: 72; -36: 2; 37: 42; -37: 2; 38: 30; -38: 2; 39: 18; -39: 1; 40: 19; 41: 11; 42: 5; 43: 3; 44: 1; 45: 1; 46: 1},{-1: 2; -2: 53; -3: 63; -4: 33; 5: 4; -5: 60; 6: 39; -6: 100; 7: 84; -7: 109; 8: 251; -8: 73; 9: 476; -9: 132; 10: 965; -10: 119; 11: 1493; -11: 156; 12: 2338; -12: 178; 13: 3210; -13: 175; 14: 4420; -14: 186; 15: 5525; -15: 201; 16: 8950; -16: 210; 17: 14180; -17: 184; 18: 10244; -18: 117; 19: 8748; -19: 124; 20: 7907; -20: 120; 21: 6867; -21: 91; 22: 5713; -22: 58; 23: 4503; -23: 67; 24: 3554; -24: 38; 25: 2672; -25: 31; 26: 1819; -26: 25; 27: 1249; -27: 19; 28: 776; -28: 7; 29: 505; -29: 9; 30: 332; -30: 5; 31: 160; -31: 1; 32: 112; -32: 2; 33: 63; -33: 5; 34: 42; 35: 20; -35: 1; 36: 13; 37: 6; 38: 1; -39: 1; 40: 2; 41: 1; 43: 1}
2024-10,44262943988,{-1: 1; -2: 22; -3: 10; -4: 13; 5: 4; -5: 12; 6: 10; -6: 15; 7: 21; -7: 27; 8: 54; -8: 27; 9: 112; -9: 44; 10: 229; -10: 46; 11: 381; -11: 52; 12: 655; -12: 40; 13: 1006; -13: 64; 14: 1508; -14: 51; 15: 2117; -15: 82; 16: 3862; -16: 91; 17: 6943; -17: 84; 18: 6231; -18: 62; 19: 6582; -19: 79; 20: 7274; -20: 76; 21: 7491; -21: 89; 22: 7636; -22: 83; 23: 7225; -23: 74; 24: 7055; -24: 49; 25: 6317; -25: 64; 26: 5549; -26: 37; 27: 4571; -27: 51; 28: 3792; -28: 32; 29: 2901; -29: 26; 30: 2381; -30: 21; 31: 1721; -31: 25; 32: 1340; -32: 13; 33: 935; -33: 10; 34: 771; -34: 11; 35: 473; -35: 12; 36: 381; -36: 6; 37: 255; -37: 5; 38: 200; -38: 3; 39: 144; 40: 102; -40: 1; 41: 69; -41: 2; 42: 69; -42: 3; 43: 40; -43: 2; 44: 24; 45: 18; 46: 5; -46: 1; 47: 9; 48: 7; 49: 6; 51: 2; 52: 2; 53: 1; -54: 1},{-1: 10; -2: 25; -3: 26; -4: 30; 5: 4; -5: 34; 6: 7; -6: 45; 7: 35; -7: 58; 8: 105; -8: 62; 9: 194; -9: 74; 10: 404; -10: 84; 11: 819; -11: 84; 12: 1218; -12: 99; 13: 1903; -13: 103; 14: 2790; -14: 103; 15: 3662; -15: 146; 16: 6428; -16: 129; 17: 11325; -17: 140; 18: 8730; -18: 84; 19: 8537; -19: 112; 20: 8446; -20: 91; 21: 7976; -21: 92; 22: 7280; -22: 72; 23: 6401; -23: 83; 24: 5570; -24: 50; 25: 4557; -25: 45; 26: 3420; -26: 34; 27: 2515; -27: 23; 28: 1845; -28: 28; 29: 1259; -29: 20; 30: 912; -30: 10; 31: 564; -31: 10; 32: 363; -32: 2; 33: 250; -33: 5; 34: 178; -34: 4; 35: 121; -35: 1; 36: 57; 37: 34; -37: 1; 38: 26; 39: 16; 40: 7; 41: 4; 42: 4; -42: 3; 43: 4; 44: 1; 45: 3; 46: 1; 47: 3},{-1: 4; -2: 66; -3: 53; -4: 35; 5: 6; -5: 58; 6: 26; -6: 102; 7: 79; -7: 106; 8: 209; -8: 100; 9: 455; -9: 119; 10: 938; -10: 151; 11: 1456; -11: 173; 12: 2339; -12: 174; 13: 3232; -13: 205; 14: 4365; -14: 180; 15: 5498; -15: 270; 16: 9222; -16: 187; 17: 14221; -17: 191; 18: 10071; -18: 142; 19: 8618; -19: 131; 20: 8150; -20: 120; 21: 6708; -21: 104; 22: 5733; -22: 67; 23: 4452; -23: 47; 24: 3635; -24: 38; 25: 2614; -25: 33; 26: 1767; -26: 17; 27: 1183; -27: 21; 28: 824; -28: 9; 29: 477; -29: 8; 30: 360; -30: 4; 31: 171; -31: 5; 32: 117; -32: 2; 33: 62; -33: 3; 34: 35; 35: 26; -35: 1; 36: 8; -36: 1; 37: 6; 38: 4; 39: 1; 40: 3; 41: 2}
2024-11,46456113101,{-1: 5; -2: 24; -3: 14; -4: 19; 5: 5; -5: 20; 6: 13; -6: 29; 7: 18; -7: 32; 8: 54; -8: 27; 9: 109; -9: 45; 10: 228; -10: 39; 11: 414; -11: 63; 12: 645; -12: 54; 13: 1065; -13: 56; 14: 1428; -14: 61; 15: 2031; -15: 80; 16: 3212; -16: 67; 17: 5603; -17: 97; 18: 5143; -18: 63; 19: 5870; -19: 84; 20: 8522; -20: 70; 21: 9204; -21: 94; 22: 8063; -22: 49; 23: 7496; -23: 82; 24: 7072; -24: 50; 25: 6284; -25: 49; 26: 5494; -26: 48; 27: 4592; -27: 41; 28: 3704; -28: 32; 29: 2958; -29: 33; 30: 2383; -30: 21; 31: 1737; -31: 25; 32: 1377; -32: 10; 33: 1072; -33: 11; 34: 756; -34: 8; 35: 531; -35: 9; 36: 383; -36: 8; 37: 287; -37: 7; 38: 215; -38: 3; 39: 174; -39: 1; 40: 85; -40: 3; 41: 58; -41: 3; 42: 65; -42: 2; 43: 38; 44: 21; -44: 1; 45: 15; 46: 13; 47: 9; 48: 3; -48: 1; 49: 3; -49: 1; 50: 2; -50: 1; 52: 1; 55: 1; 59: 1; -61: 1},{-1: 4; -2: 37; -3: 29; -4: 27; 5: 1; -5: 33; 6: 12; -6: 45; 7: 31; -7: 51; 8: 93; -8: 51; 9: 198; -9: 61; 10: 423; -10: 72; 11: 714; -11: 72; 12: 1184; -12: 94; 13: 1819; -13: 97; 14: 2650; -14: 127; 15: 3564; -15: 113; 16: 5476; -16: 131; 17: 9363; -17: 148; 18: 7608; -18: 133; 19: 8087; -19: 121; 20: 10546; -20: 99; 21: 9956; -21: 97; 22: 7575; -22: 65; 23: 6509; -23: 77; 24: 5631; -24: 45; 25: 4697; -25: 43; 26: 3531; -26: 26; 27: 2494; -27: 33; 28: 1853; -28: 20; 29: 1274; -29: 18; 30: 947; -30: 6; 31: 591; -31: 9; 32: 442; -32: 4; 33: 240; -33: 6; 34: 181; 35: 112; -35: 1; 36: 72; -36: 1; 37: 36; 38: 35; -38: 1; 39: 20; 40: 17; 41: 6; 42: 6; 43: 1; 44: 4; 46: 1; 47: 3},{-1: 6; -2: 49; -3: 49; -4: 47; 5: 8; -5: 63; 6: 37; -6: 89; 7: 83; -7: 87; 8: 218; -8: 101; 9: 501; -9: 119; 10: 915; -10: 138; 11: 1491; -11: 147; 12: 2362; -12: 158; 13: 3189; -13: 190; 14: 4476; -14: 182; 15: 5482; -15: 233; 16: 7854; -16: 217; 17: 12108; -17: 165; 18: 8933; -18: 156; 19: 8494; -19: 160; 20: 9979; -20: 150; 21: 8656; -21: 112; 22: 6145; -22: 83; 23: 4633; -23: 62; 24: 3668; -24: 38; 25: 2667; -25: 33; 26: 1832; -26: 22; 27: 1260; -27: 15; 28: 836; -28: 16; 29: 541; -29: 8; 30: 322; -30: 2; 31: 179; -31: 3; 32: 108; 33: 59; 34: 25; -34: 1; 35: 16; -35: 1; 36: 8; 37: 5; 38: 5; 39: 2; 44: 1}
2024-12,46456113101,{-1: 11; -2: 22; -3: 20; -4: 14; 5: 3; -5: 23; 6: 9; -6: 27; 7: 24; -7: 31; 8: 54; -8: 25; 9: 127; -9: 42; 10: 228; -10: 34; 11: 410; -11: 66; 12: 716; -12: 60; 13: 1037; -13: 65; 14: 1505; -14: 56; 15: 2069; -15: 104; 16: 3241; -16: 56; 17: 5684; -17: 91; 18: 5192; -18: 80; 19: 5888; -19: 101; 20: 8400; -20: 75; 21: 9136; -21: 91; 22: 7884; -22: 65; 23: 7561; -23: 68; 24: 7127; -24: 45; 25: 6368; -25: 59; 26: 5446; -26: 22; 27: 4552; -27: 60; 28: 3849; -28: 26; 29: 2947; -29: 30; 30: 2358; -30: 13; 31: 1748; -31: 22; 32: 1331; -32: 14; 33: 991; -33: 8; 34: 718; -34: 8; 35: 517; -35: 7; 36: 362; -36: 4; 37: 281; -37: 3; 38: 190; -38: 3; 39: 129; -39: 1; 40: 113; -40: 2; 41: 92; -41: 1; 42: 50; -42: 2; 43: 37; 44: 16; -44: 2; 45: 15; 46: 12; 47: 7; 48: 5; -48: 2; 49: 2; 50: 3; 51: 2; 54: 1; 57: 1; 58: 1},{-1: 5; -2: 38; -3: 27; -4: 31; 5: 2; -5: 29; 6: 6; -6: 47; 7: 34; -7: 52; 8: 74; -8: 60; 9: 230; -9: 64; 10: 398; -10: 73; 11: 729; -11: 102; 12: 1272; -12: 100; 13: 1839; -13: 122; 14: 2604; -14: 77; 15: 3595; -15: 132; 16: 5367; -16: 124; 17: 9241; -17: 135; 18: 7579; -18: 115; 19: 8077; -19: 135; 20: 10343; -20: 120; 21: 10136; -21: 114; 22: 7850; -22: 83; 23: 6473; -23: 68; 24: 5691; -24: 38; 25: 4584; -25: 40; 26: 3436; -26: 20; 27: 2634; -27: 26; 28: 1897; -28: 13; 29: 1263; -29: 15; 30: 858; -30: 7; 31: 627; -31: 16; 32: 390; -32: 8; 33: 262; -33: 3; 34: 173; -34: 2; 35: 96; -35: 5; 36: 77; -36: 1; 37: 33; -37: 1; 38: 33; -38: 1; 39: 16; -39: 1; 40: 11; 41: 4; 42: 5; 43: 5; 44: 2; 45: 1; 46: 1; 47: 1; 49: 1},{-1: 8; -2: 75; -3: 48; -4: 48; 5: 3; -5: 69; 6: 18; -6: 95; 7: 77; -7: 92; 8: 249; -8: 92; 9: 490; -9: 109; 10: 901; -10: 157; 11: 1491; -11: 157; 12: 2332; -12: 176; 13: 3224; -13: 189; 14: 4297; -14: 171; 15: 5501; -15: 208; 16: 7771; -16: 217; 17: 12230; -17: 165; 18: 8893; -18: 147; 19: 8626; -19: 167; 20: 9943; -20: 131; 21: 8650; -21: 100; 22: 6113; -22: 75; 23: 4702; -23: 59; 24: 3735; -24: 50; 25: 2809; -25: 37; 26: 1800; -26: 13; 27: 1199; -27: 21; 28: 807; -28: 11; 29: 475; -29: 8; 30: 333; -30: 8; 31: 169; -31: 4; 32: 115; -32: 2; 33: 62; -33: 3; 34: 31; -34: 1; 35: 10; -35: 1; 36: 11; 37: 6; -37: 1; 38: 2; 39: 3; 40: 2; 41: 4; 43: 1}
2025-01,46456113101,{-1: 2; -2: 20; -3: 16; -4: 13; 5: 3; -5: 21; 6: 7; -6: 19; 7: 21; -7: 30; 8: 46; -8: 28; 9: 117; -9: 37; 10: 231; -10: 51; 11: 422; -11: 53; 12: 632; -12: 41; 13: 979; -13: 61; 14: 1466; -14: 55; 15: 2066; -15: 89; 16: 3237; -16: 77; 17: 5503; -17: 68; 18: 5176; -18: 60; 19: 5882; -19: 97; 20: 8410; -20: 76; 21: 9222; -21: 81; 22: 8026; -22: 67; 23: 7396; -23: 95; 24: 7170; -24: 49; 25: 6404; -25: 64; 26: 5516; -26: 37; 27: 4560; -27: 55; 28: 3846; -28: 26; 29: 3004; -29: 25; 30: 2393; -30: 20; 31: 1792; -31: 22; 32: 1411; -32: 15; 33: 943; -33: 16; 34: 699; -34: 13; 35: 529; -35: 9; 36: 400; -36: 4; 37: 272; -37: 5; 38: 210; -38: 6; 39: 134; 40: 94; -40: 4; 41: 75; 42: 58; -42: 3; 43: 37; -43: 2; 44: 24; -44: 1; 45: 20; -45: 1; 46: 9; 47: 9; 48: 4; -48: 2; 49: 2; 50: 1; 51: 2; 52: 2; 53: 1; 66: 1},{-1: 7; -2: 37; -3: 24; -4: 19; 5: 3; -5: 40; 6: 7; -6: 53; 7: 36; -7: 65; 8: 76; -8: 47; 9: 235; -9: 65; 10: 408; -10: 73; 11: 759; -11: 78; 12: 1202; -12: 105; 13: 1767; -13: 96; 14: 2634; -14: 99; 15: 3477; -15: 147; 16: 5156; -16: 112; 17: 9423; -17: 123; 18: 7549; -18: 119; 19: 8196; -19: 112; 20: 10061; -20: 115; 21: 10090; -21: 120; 22: 7836; -22: 72; 23: 6706; -23: 71; 24: 5588; -24: 49; 25: 4715; -25: 56; 26: 3505; -26: 23; 27: 2616; -27: 36; 28: 1906; -28: 18; 29: 1329; -29: 16; 30: 917; -30: 5; 31: 633; -31: 6; 32: 413; -32: 3; 33: 272; -33: 2; 34: 166; -34: 5; 35: 113; 36: 63; -36: 2; 37: 43; 38: 28; -38: 1; 39: 18; -39: 2; 40: 13; 41: 8; 42: 4; -42: 1; 43: 1; 44: 2; 45: 2},{-1: 3; -2: 67; -3: 44; -4: 43; 5: 4; -5: 67; 6: 18; -6: 109; 7: 60; -7: 87; 8: 193; -8: 82; 9: 468; -9: 111; 10: 910; -10: 143; 11: 1416; -11: 148; 12: 2254; -12: 152; 13: 3132; -13: 183; 14: 4304; -14: 217; 15: 5388; -15: 244; 16: 7837; -16: 197; 17: 12153; -17: 188; 18: 8759; -18: 192; 19: 8614; -19: 147; 20: 10246; -20: 162; 21: 8831; -21: 104; 22: 6185; -22: 67; 23: 4767; -23: 50; 24: 3654; -24: 33; 25: 2744; -25: 32; 26: 1821; -26: 18; 27: 1172; -27: 19; 28: 874; -28: 6; 29: 531; -29: 8; 30: 314; -30: 3; 31: 176; -31: 3; 32: 101; -32: 2; 33: 64; -33: 3; 34: 37; -34: 3; 35: 19; -35: 1; 36: 6; -36: 1; 37: 1; 38: 5; 39: 1; 41: 1; 47: 1}
2025-02,46456113101,{-1: 2; -2: 18; -3: 20; -4: 14; 5: 3; -5: 23; 6: 10; -6: 24; 7: 24; -7: 29; 8: 63; -8: 32; 9: 127; -9: 34; 10: 210; -10: 43; 11: 392; -11: 52; 12: 586; -12: 53; 13: 988; -13: 65; 14: 1529; -14: 59; 15: 1984; -15: 83; 16: 3099; -16: 73; 17: 5572; -17: 105; 18: 5086; -18: 81; 19: 5825; -19: 86; 20: 8442; -20: 87; 21: 9272; -21: 92; 22: 8004; -22: 65; 23: 7612; -23: 64; 24: 7178; -24: 37; 25: 6402; -25: 72; 26: 5427; -26: 35; 27: 4645; -27: 53; 28: 3869; -28: 27; 29: 2974; -29: 34; 30: 2398; -30: 15; 31: 1724; -31: 19; 32: 1368; -32: 11; 33: 1017; -33: 9; 34: 758; -34: 15; 35: 529; -35: 6; 36: 356; -36: 8; 37: 274; -37: 6; 38: 196; -38: 5; 39: 137; -39: 5; 40: 109; -40: 2; 41: 67; -41: 3; 42: 55; 43: 31; -43: 2; 44: 26; -44: 1; 45: 23; -45: 1; 46: 9; -46: 1; 47: 5; 48: 10; 49: 2; 50: 2; 51: 3; 52: 2; 53: 1; 54: 1; 56: 1; 57: 1; -58: 1},{-1: 2; -2: 44; -3: 37; -4: 24; 5: 3; -5: 35; 6: 8; -6: 44; 7: 35; -7: 60; 8: 82; -8: 46; 9: 218; -9: 77; 10: 426; -10: 86; 11: 739; -11: 85; 12: 1217; -12: 91; 13: 1812; -13: 107; 14: 2578; -14: 97; 15: 3439; -15: 134; 16: 5414; -16: 129; 17: 9383; -17: 140; 18: 7604; -18: 104; 19: 8000; -19: 135; 20: 10423; -20: 105; 21: 10061; -21: 83; 22: 7863; -22: 65; 23: 6548; -23: 61; 24: 5635; -24: 57; 25: 4668; -25: 53; 26: 3517; -26: 25; 27: 2586; -27: 28; 28: 1861; -28: 17; 29: 1222; -29: 11; 30: 845; -30: 7; 31: 615; -31: 8; 32: 431; -32: 2; 33: 250; -33: 5; 34: 178; -34: 4; 35: 116; -35: 4; 36: 62; -36: 1; 37: 45; -37: 1; 38: 30; -38: 1; 39: 29; -39: 1; 40: 8; -40: 2; 41: 12; -41: 1; 42: 7; -42: 1; 43: 3; 44: 4; 45: 2; 46: 1},{-1: 8; -2: 60; -3: 53; -4: 60; 5: 4; -5: 56; 6: 29; -6: 97; 7: 80; -7: 91; 8: 175; -8: 98; 9: 486; -9: 120; 10: 869; -10: 159; 11: 1504; -11: 141; 12: 2289; -12: 162; 13: 3047; -13: 204; 14: 4256; -14: 183; 15: 5400; -15: 229; 16: 7936; -16: 209; 17: 11837; -17: 199; 18: 8879; -18: 167; 19: 8585; -19: 142; 20: 10274; -20: 134; 21: 8763; -21: 140; 22: 6089; -22: 78; 23: 4753; -23: 65; 24: 3735; -24: 43; 25: 2761; -25: 26; 26: 1880; -26: 18; 27: 1216; -27: 16; 28: 867; -28: 9; 29: 543; -29: 6; 30: 309; -30: 3; 31: 202; -31: 2; 32: 107; -32: 1; 33: 61; -33: 3; 34: 28; -34: 1; 35: 24; -35: 1; 36: 7; 37: 10; -37: 1; 38: 6; 39: 2; 43: 1; 46: 1}
2025-03,46456113101,{-1: 1; -2: 22; -3: 18; -4: 11; 5: 3; -5: 17; 6: 9; -6: 19; 7: 25; -7: 22; 8: 44; -8: 37; 9: 136; -9: 43; 10: 230; -10: 51; 11: 383; -11: 65; 12: 648; -12: 45; 13: 974; -13: 77; 14: 1521; -14: 50; 15: 2026; -15: 78; 16: 3205; -16: 75; 17: 5302; -17: 79; 18: 5183; -18: 72; 19: 5745; -19: 93; 20: 8262; -20: 84; 21: 9269; -21: 90; 22: 7940; -22: 55; 23: 7526; -23: 81; 24: 7101; -24: 53; 25: 6388; -25: 45; 26: 5669; -26: 47; 27: 4555; -27: 47; 28: 3993; -28: 30; 29: 3044; -29: 26; 30: 2369; -30: 20; 31: 1806; -31: 19; 32: 1402; -32: 9; 33: 1013; -33: 21; 34: 720; -34: 6; 35: 533; -35: 4; 36: 412; -36: 9; 37: 288; -37: 7; 38: 229; -38: 6; 39: 135; -39: 1; 40: 108; 41: 68; -41: 2; 42: 72; -42: 2; 43: 32; -43: 1; 44: 30; 45: 20; 46: 17; 47: 11; 48: 4; 49: 2; 50: 5; -52: 1; 54: 1; 57: 1},{-1: 6; -2: 23; -3: 33; -4: 17; 5: 1; -5: 38; 6: 12; -6: 43; 7: 30; -7: 54; 8: 83; -8: 71; 9: 214; -9: 74; 10: 421; -10: 76; 11: 759; -11: 88; 12: 1186; -12: 85; 13: 1862; -13: 107; 14: 2588; -14: 116; 15: 3505; -15: 138; 16: 5396; -16: 133; 17: 9187; -17: 166; 18: 7550; -18: 114; 19: 8020; -19: 108; 20: 10322; -20: 117; 21: 10012; -21: 100; 22: 7792; -22: 90; 23: 6669; -23: 72; 24: 5739; -24: 58; 25: 4574; -25: 39; 26: 3501; -26: 30; 27: 2605; -27: 32; 28: 1802; -28: 19; 29: 1336; -29: 19; 30: 834; -30: 14; 31: 644; -31: 15; 32: 482; -32: 4; 33: 258; -33: 4; 34: 187; -34: 7; 35: 112; -35: 4; 36: 83; -36: 7; 37: 41; 38: 25; -38: 1; 39: 15; -39: 1; 40: 10; 41: 6; -41: 1; 42: 4; 43: 3; 44: 3; 45: 1; 51: 1; 53: 1},{-1: 9; -2: 55; -3: 53; -4: 53; 5: 4; -5: 50; 6: 30; -6: 88; 7: 77; -7: 108; 8: 169; -8: 98; 9: 510; -9: 93; 10: 842; -10: 167; 11: 1461; -11: 153; 12: 2355; -12: 149; 13: 3205; -13: 183; 14: 4252; -14: 201; 15: 5399; -15: 228; 16: 7679; -16: 209; 17: 11953; -17: 190; 18: 9060; -18: 141; 19: 8662; -19: 155; 20: 10156; -20: 138; 21: 8871; -21: 112; 22: 6249; -22: 55; 23: 4768; -23: 65; 24: 3638; -24: 47; 25: 2662; -25: 27; 26: 1813; -26: 15; 27: 1215; -27: 12; 28: 828; -28: 9; 29: 499; -29: 14; 30: 297; -30: 4; 31: 195; -31: 3; 32: 112; -32: 1; 33: 61; -33: 2; 34: 39; -34: 2; 35: 20; 36: 19; 37: 3; 38: 2; 39: 3; 41: 1; 42: 2}
2025-04,46456113101,{-1: 3; -2: 24; -3: 23; -4: 14; 5: 4; -5: 26; 6: 9; -6: 28; 7: 16; -7: 29; 8: 49; -8: 22; 9: 134; -9: 42; 10: 248; -10: 58; 11: 387; -11: 40; 12: 653; -12: 49; 13: 1007; -13: 63; 14: 1485; -14: 68; 15: 2064; -15: 79; 16: 3259; -16: 61; 17: 5443; -17: 90; 18: 5147; -18: 81; 19: 5864; -19: 94; 20: 8372; -20: 82; 21: 9330; -21: 99; 22: 7725; -22: 71; 23: 7344; -23: 69; 24: 7140; -24: 56; 25: 6361; -25: 68; 26: 5522; -26: 43; 27: 4684; -27: 43; 28: 3807; -28: 24; 29: 3056; -29: 32; 30: 2422; -30: 24; 31: 1815; -31: 14; 32: 1355; -32: 12; 33: 1011; -33: 12; 34: 753; -34: 15; 35: 524; -35: 11; 36: 389; -36: 8; 37: 292; -37: 9; 38: 207; -38: 4; 39: 162; -39: 1; 40: 101; -40: 4; 41: 87; -41: 2; 42: 56; -42: 1; 43: 38; -43: 2; 44: 26; 45: 8; 46: 15; -46: 1; 47: 13; 48: 5; 49: 4; 51: 2; 55: 2; -59: 1; 62: 1},{-1: 3; -2: 32; -3: 24; -4: 23; 5: 2; -5: 33; 6: 11; -6: 37; 7: 26; -7: 49; 8: 88; -8: 48; 9: 202; -9: 83; 10: 428; -10: 69; 11: 763; -11: 92; 12: 1296; -12: 69; 13: 1813; -13: 117; 14: 2592; -14: 110; 15: 3596; -15: 141; 16: 5526; -16: 111; 17: 9472; -17: 139; 18: 7618; -18: 111; 19: 7966; -19: 124; 20: 10338; -20: 105; 21: 10205; -21: 104; 22: 7760; -22: 82; 23: 6409; -23: 79; 24: 5568; -24: 38; 25: 4631; -25: 34; 26: 3371; -26: 30; 27: 2505; -27: 21; 28: 1878; -28: 16; 29: 1281; -29: 16; 30: 885; -30: 12; 31: 593; -31: 5; 32: 405; -32: 10; 33: 259; -33: 4; 34: 162; -34: 1; 35: 124; -35: 2; 36: 104; -36: 3; 37: 64; -37: 2; 38: 27; -38: 2; 39: 16; 40: 12; 41: 11; 42: 3; -42: 1; 43: 1; -43: 1; 44: 3; -44: 1; 45: 2},{-1: 5; -2: 59; -3: 64; -4: 49; 5: 1; -5: 68; 6: 30; -6: 87; 7: 83; -7: 92; 8: 221; -8: 98; 9: 509; -9: 131; 10: 857; -10: 136; 11: 1515; -11: 140; 12: 2223; -12: 176; 13: 3131; -13: 150; 14: 4352; -14: 192; 15: 5421; -15: 213; 16: 7822; -16: 220; 17: 11857; -17: 200; 18: 8899; -18: 169; 19: 8629; -19: 168; 20: 9986; -20: 138; 21: 8682; -21: 123; 22: 6237; -22: 74; 23: 4824; -23: 61; 24: 3741; -24: 51; 25: 2746; -25: 32; 26: 1889; -26: 24; 27: 1285; -27: 20; 28: 832; -28: 10; 29: 510; -29: 5; 30: 328; -30: 4; 31: 191; -31: 6; 32: 120; -32: 4; 33: 63; -33: 1; 34: 24; 35: 6; 36: 5; -36: 1; 37: 7; -38: 1; 43: 1; 44: 1}
2025-05,46456113101,{-1: 4; -2: 27; -3: 24; -4: 17; -5: 31; 6: 10; -6: 19; 7: 25; -7: 24; 8: 43; -8: 36; 9: 118; -9: 44; 10: 236; -10: 48; 11: 392; -11: 42; 12: 660; -12: 53; 13: 1012; -13: 64; 14: 1410; -14: 48; 15: 1969; -15: 87; 16: 3164; -16: 56; 17: 5507; -17: 110; 18: 5254; -18: 68; 19: 5961; -19: 96; 20: 8382; -20: 70; 21: 9176; -21: 94; 22: 7994; -22: 71; 23: 7376; -23: 72; 24: 7020; -24: 61; 25: 6339; -25: 69; 26: 5581; -26: 40; 27: 4639; -27: 34; 28: 3858; -28: 35; 29: 2968; -29: 38; 30: 2415; -30: 20; 31: 1769; -31: 28; 32: 1393; -32: 18; 33: 986; -33: 7; 34: 751; -34: 11; 35: 519; -35: 10; 36: 410; -36: 8; 37: 294; -37: 8; 38: 227; -38: 2; 39: 139; -39: 2; 40: 109; -40: 2; 41: 93; -41: 2; 42: 65; 43: 45; 44: 24; -44: 3; 45: 26; -45: 1; 46: 9; -46: 1; 47: 8; 48: 5; 49: 5; 50: 1; 51: 2; 52: 2; 54: 1; 58: 1; -60: 1; 65: 1},{-1: 2; -2: 32; -3: 26; -4: 20; 5: 3; -5: 45; 6: 13; -6: 41; 7: 29; -7: 57; 8: 91; -8: 66; 9: 242; -9: 67; 10: 421; -10: 65; 11: 738; -11: 70; 12: 1239; -12: 100; 13: 1819; -13: 117; 14: 2721; -14: 101; 15: 3592; -15: 137; 16: 5421; -16: 102; 17: 9348; -17: 122; 18: 7595; -18: 117; 19: 7977; -19: 113; 20: 10259; -20: 96; 21: 10072; -21: 87; 22: 7770; -22: 79; 23: 6483; -23: 74; 24: 5621; -24: 46; 25: 4704; -25: 55; 26: 3369; -26: 30; 27: 2579; -27: 30; 28: 1917; -28: 15; 29: 1318; -29: 8; 30: 922; -30: 14; 31: 592; -31: 14; 32: 407; -32: 4; 33: 266; -33: 4; 34: 175; -34: 3; 35: 132; 36: 80; -36: 3; 37: 45; 38: 25; -38: 4; 39: 14; 40: 11; 41: 11; 42: 5; 43: 5; 46: 2; 47: 1},{-1: 10; -2: 74; -3: 44; -4: 53; 5: 7; -5: 55; 6: 27; -6: 117; 7: 79; -7: 99; 8: 183; -8: 102; 9: 493; -9: 110; 10: 843; -10: 150; 11: 1483; -11: 160; 12: 2306; -12: 162; 13: 3162; -13: 175; 14: 4308; -14: 211; 15: 5258; -15: 210; 16: 7916; -16: 199; 17: 12074; -17: 208; 18: 8846; -18: 166; 19: 8621; -19: 151; 20: 9865; -20: 152; 21: 8903; -21: 114; 22: 6244; -22: 69; 23: 4698; -23: 69; 24: 3648; -24: 38; 25: 2874; -25: 45; 26: 1849; -26: 25; 27: 1242; -27: 21; 28: 810; -28: 13; 29: 484; -29: 4; 30: 321; -30: 1; 31: 178; 32: 125; -32: 1; 33: 73; 34: 30; 35: 16; 36: 13; -36: 1; 37: 4; 38: 1; 39: 2; 40: 2; 41: 1; 42: 1; -42: 1}
2025-06,48454315961,{-1: 1; -2: 32; -3: 17; -4: 12; 5: 3; -5: 21; 6: 6; -6: 28; 7: 10; -7: 31; 8: 40; -8: 34; 9: 108; -9: 47; 10: 240; -10: 46; 11: 391; -11: 48; 12: 644; -12: 48; 13: 965; -13: 86; 14: 1457; -14: 60; 15: 2068; -15: 80; 16: 3054; -16: 79; 17: 5409; -17: 94; 18: 4930; -18: 79; 19: 5796; -19: 86; 20: 8141; -20: 84; 21: 8922; -21: 97; 22: 8006; -22: 75; 23: 7572; -23: 73; 24: 7395; -24: 60; 25: 6649; -25: 79; 26: 5610; -26: 48; 27: 4641; -27: 41; 28: 3765; -28: 36; 29: 3081; -29: 34; 30: 2499; -30: 24; 31: 1759; -31: 20; 32: 1391; -32: 17; 33: 1017; -33: 21; 34: 781; -34: 8; 35: 533; -35: 7; 36: 394; -36: 9; 37: 258; -37: 5; 38: 224; -38: 2; 39: 140; -39: 1; 40: 110; -40: 1; 41: 92; -41: 1; 42: 71; -42: 4; 43: 37; -43: 5; 44: 25; -44: 1; 45: 27; -45: 1; 46: 19; -46: 1; 47: 8; 48: 9; 49: 5; -49: 1; -50: 1; 51: 3; 52: 2; 54: 3; 55: 3; 58: 1},{-1: 3; -2: 30; -3: 19; -4: 23; 5: 1; -5: 36; 6: 8; -6: 38; 7: 22; -7: 51; 8: 70; -8: 52; 9: 247; -9: 68; 10: 430; -10: 73; 11: 743; -11: 99; 12: 1162; -12: 93; 13: 1803; -13: 108; 14: 2698; -14: 101; 15: 3505; -15: 131; 16: 5324; -16: 135; 17: 9141; -17: 155; 18: 7565; -18: 112; 19: 7958; -19: 105; 20: 10124; -20: 104; 21: 9776; -21: 122; 22: 7707; -22: 67; 23: 6559; -23: 70; 24: 5973; -24: 55; 25: 4816; -25: 50; 26: 3557; -26: 37; 27: 2623; -27: 26; 28: 1937; -28: 14; 29: 1371; -29: 15; 30: 978; -30: 5; 31: 622; -31: 12; 32: 447; -32: 3; 33: 314; -33: 2; 34: 180; -34: 2; 35: 103; -35: 2; 36: 73; -36: 1; 37: 40; -37: 3; 38: 33; -38: 1; 39: 23; 40: 16; 41: 5; 42: 10; -42: 1; 43: 3; -43: 1; 44: 4; 45: 4},{-1: 3; -2: 55; -3: 61; -4: 43; 5: 4; -5: 62; 6: 25; -6: 103; 7: 72; -7: 102; 8: 174; -8: 93; 9: 448; -9: 138; 10: 865; -10: 130; 11: 1502; -11: 138; 12: 2251; -12: 146; 13: 3092; -13: 197; 14: 4285; -14: 192; 15: 5339; -15: 230; 16: 7734; -16: 204; 17: 11842; -17: 209; 18: 8840; -18: 176; 19: 8615; -19: 133; 20: 9733; -20: 138; 21: 8683; -21: 113; 22: 6306; -22: 87; 23: 4884; -23: 65; 24: 4006; -24: 47; 25: 2911; -25: 49; 26: 1980; -26: 26; 27: 1264; -27: 13; 28: 846; -28: 7; 29: 539; -29: 6; 30: 312; -30: 4; 31: 180; -31: 2; 32: 134; -32: 1; 33: 64; -33: 1; 34: 48; 35: 29; 36: 10; 37: 4; -37: 1; 38: 1; 40: 2; 42: 1}
2025-07,48454315961,{-1: 2; -2: 24; -3: 20; -4: 12; 5: 3; -5: 24; 6: 7; -6: 26; 7: 18; -7: 18; 8: 38; -8: 28; 9: 88; -9: 27; 10: 220; -10: 41; 11: 391; -11: 64; 12: 634; -12: 45; 13: 928; -13: 74; 14: 1475; -14: 59; 15: 1981; -15: 67; 16: 2972; -16: 64; 17: 5315; -17: 88; 18: 5036; -18: 72; 19: 5863; -19: 112; 20: 8062; -20: 87; 21: 9006; -21: 93; 22: 7866; -22: 77; 23: 7553; -23: 83; 24: 7335; -24: 53; 25: 6577; -25: 62; 26: 5649; -26: 34; 27: 4692; -27: 41; 28: 3937; -28: 39; 29: 3076; -29: 33; 30: 2524; -30: 18; 31: 1967; -31: 19; 32: 1470; -32: 10; 33: 1009; -33: 12; 34: 803; -34: 10; 35: 528; -35: 8; 36: 396; -36: 5; 37: 273; -37: 1; 38: 231; -38: 4; 39: 141; -39: 3; 40: 113; -40: 3; 41: 71; -41: 4; 42: 58; -42: 1; 43: 44; -43: 1; 44: 23; -44: 2; 45: 15; 46: 12; 47: 13; 48: 6; 49: 3; 50: 2; -50: 1; 51: 2; 55: 1; 56: 1; 61: 1},{-1: 2; -2: 37; -3: 22; -4: 31; 5: 2; -5: 42; 6: 7; -6: 44; 7: 34; -7: 55; 8: 73; -8: 54; 9: 194; -9: 66; 10: 405; -10: 63; 11: 760; -11: 85; 12: 1217; -12: 81; 13: 1745; -13: 109; 14: 2515; -14: 114; 15: 3560; -15: 155; 16: 5288; -16: 115; 17: 9182; -17: 151; 18: 7464; -18: 104; 19: 8139; -19: 135; 20: 10018; -20: 95; 21: 9858; -21: 115; 22: 7728; -22: 77; 23: 6642; -23: 88; 24: 5936; -24: 65; 25: 4926; -25: 37; 26: 3466; -26: 34; 27: 2615; -27: 30; 28: 1940; -28: 16; 29: 1396; -29: 13; 30: 982; -30: 8; 31: 644; -31: 8; 32: 398; -32: 6; 33: 286; -33: 3; 34: 186; -34: 2; 35: 120; 36: 73; -36: 1; 37: 42; 38: 32; -38: 1; 39: 24; 40: 11; 41: 9; -41: 1; 42: 11; -42: 1; 43: 2; 44: 2; 45: 1; 46: 1},{-1: 3; -2: 57; -3: 67; -4: 62; 5: 11; -5: 48; 6: 25; -6: 90; 7: 46; -7: 97; 8: 167; -8: 92; 9: 460; -9: 110; 10: 876; -10: 129; 11: 1365; -11: 151; 12: 2235; -12: 167; 13: 3093; -13: 209; 14: 4287; -14: 224; 15: 5297; -15: 209; 16: 7733; -16: 209; 17: 11935; -17: 189; 18: 9002; -18: 161; 19: 8713; -19: 140; 20: 9721; -20: 154; 21: 8599; -21: 84; 22: 6299; -22: 78; 23: 4859; -23: 72; 24: 3969; -24: 48; 25: 2950; -25: 34; 26: 1904; -26: 17; 27: 1334; -27: 10; 28: 834; -28: 7; 29: 552; -29: 5; 30: 342; -30: 3; 31: 174; -31: 2; 32: 117; -32: 2; 33: 68; -33: 3; 34: 48; -34: 2; 35: 20; -35: 1; 36: 10; -36: 1; 37: 7; 38: 5; -38: 1; 39: 2; -39: 1; 44: 1; 45: 1}
2025-08,48454315961,{-1: 3; -2: 21; -3: 16; -4: 17; 5: 2; -5: 26; 6: 16; -6: 26; 7: 18; -7: 25; 8: 35; -8: 30; 9: 95; -9: 34; 10: 235; -10: 50; 11: 391; -11: 50; 12: 640; -12: 52; 13: 915; -13: 69; 14: 1502; -14: 44; 15: 2046; -15: 72; 16: 3215; -16: 74; 17: 5266; -17: 89; 18: 5013; -18: 76; 19: 5907; -19: 86; 20: 8109; -20: 90; 21: 8791; -21: 101; 22: 7911; -22: 77; 23: 7502; -23: 73; 24: 7180; -24: 50; 25: 6565; -25: 77; 26: 5703; -26: 33; 27: 4775; -27: 49; 28: 3886; -28: 31; 29: 3136; -29: 29; 30: 2501; -30: 16; 31: 1859; -31: 27; 32: 1486; -32: 16; 33: 948; -33: 20; 34: 835; -34: 6; 35: 505; -35: 11; 36: 415; -36: 7; 37: 280; 38: 209; -38: 3; 39: 165; -39: 2; 40: 102; -40: 2; 41: 59; -41: 4; 42: 51; -42: 1; 43: 43; -43: 1; 44: 32; -44: 1; 45: 26; -45: 3; 46: 9; 47: 7; 48: 8; -48: 1; 49: 6; 50: 2; 51: 3; 53: 2; -57: 1; 58: 1},{-1: 7; -2: 39; -3: 32; -4: 38; 5: 4; -5: 44; 6: 12; -6: 49; 7: 35; -7: 56; 8: 88; -8: 67; 9: 207; -9: 54; 10: 405; -10: 67; 11: 719; -11: 87; 12: 1196; -12: 107; 13: 1753; -13: 107; 14: 2637; -14: 116; 15: 3374; -15: 142; 16: 5317; -16: 107; 17: 9128; -17: 145; 18: 7471; -18: 115; 19: 8062; -19: 133; 20: 10014; -20: 100; 21: 9783; -21: 105; 22: 7831; -22: 77; 23: 6560; -23: 70; 24: 6028; -24: 44; 25: 4845; -25: 56; 26: 3538; -26: 34; 27: 2708; -27: 35; 28: 1974; -28: 17; 29: 1320; -29: 17; 30: 959; -30: 11; 31: 659; -31: 14; 32: 441; -32: 9; 33: 280; -33: 6; 34: 179; -34: 6; 35: 148; -35: 5; 36: 73; -36: 1; 37: 42; -37: 3; 38: 25; 39: 24; -39: 1; 40: 17; -40: 1; 41: 5; 42: 3; -42: 3; 43: 2; 44: 2; 45: 4; 46: 1},{-1: 5; -2: 67; -3: 46; -4: 63; 5: 7; -5: 54; 6: 21; -6: 88; 7: 62; -7: 106; 8: 175; -8: 88; 9: 442; -9: 117; 10: 901; -10: 117; 11: 1441; -11: 144; 12: 2356; -12: 177; 13: 3087; -13: 172; 14: 4290; -14: 181; 15: 5420; -15: 235; 16: 7602; -16: 203; 17: 11934; -17: 205; 18: 8946; -18: 153; 19: 8609; -19: 147; 20: 9774; -20: 161; 21: 8701; -21: 123; 22: 6220; -22: 77; 23: 4923; -23: 68; 24: 3826; -24: 47; 25: 2959; -25: 38; 26: 1817; -26: 26; 27: 1336; -27: 18; 28: 818; -28: 12; 29: 521; -29: 15; 30: 347; -30: 7; 31: 198; -31: 2; 32: 124; -32: 3; 33: 65; -33: 2; 34: 49; 35: 28; 36: 18; 37: 6; -37: 4; 38: 4; 40: 1; -44: 1}
2025-09,48454315961,{-1: 6; -2: 24; -3: 18; -4: 12; 5: 3; -5: 16; 6: 5; -6: 22; 7: 19; -7: 23; 8: 34; -8: 31; 9: 119; -9: 52; 10: 227; -10: 52; 11: 388; -11: 54; 12: 582; -12: 51; 13: 982; -13: 61; 14: 1445; -14: 62; 15: 1997; -15: 77; 16: 3059; -16: 75; 17: 5401; -17: 86; 18: 5163; -18: 95; 19: 5858; -19: 107; 20: 7896; -20: 76; 21: 8770; -21: 77; 22: 7949; -22: 86; 23: 7433; -23: 68; 24: 7255; -24: 63; 25: 6669; -25: 57; 26: 5655; -26: 32; 27: 4852; -27: 44; 28: 3886; -28: 36; 29: 3129; -29: 38; 30: 2443; -30: 17; 31: 1818; -31: 23; 32: 1487; -32: 14; 33: 1063; -33: 13; 34: 788; -34: 11; 35: 530; -35: 8; 36: 398; -36: 10; 37: 315; -37: 1; 38: 221; -38: 7; 39: 133; -39: 3; 40: 135; -40: 6; 41: 67; -41: 1; 42: 62; -42: 3; 43: 45; -43: 1; 44: 32; -44: 2; 45: 17; 46: 21; 47: 13; 48: 4; -48: 1; 49: 2; 50: 2; 52: 1; 53: 1; 54: 2; -56: 1; 59: 1},{-1: 1; -2: 29; -3: 27; -4: 32; 5: 1; -5: 36; 6: 11; -6: 35; 7: 25; -7: 54; 8: 86; -8: 57; 9: 201; -9: 76; 10: 413; -10: 73; 11: 719; -11: 93; 12: 1186; -12: 84; 13: 1859; -13: 96; 14: 2701; -14: 115; 15: 3559; -15: 124; 16: 5350; -16: 125; 17: 9218; -17: 147; 18: 7464; -18: 79; 19: 8011; -19: 132; 20: 10079; -20: 103; 21: 9741; -21: 112; 22: 7642; -22: 76; 23: 6479; -23: 69; 24: 5917; -24: 51; 25: 4852; -25: 40; 26: 3645; -26: 29; 27: 2654; -27: 32; 28: 1993; -28: 24; 29: 1341; -29: 18; 30: 958; -30: 4; 31: 671; -31: 13; 32: 422; -32: 7; 33: 280; -33: 8; 34: 195; -34: 4; 35: 109; 36: 65; -36: 1; 37: 48; 38: 35; 39: 19; -39: 1; 40: 16; -40: 2; 41: 8; -41: 1; 42: 8; 43: 4; 44: 2; 45: 1; 46: 2},{-1: 2; -2: 81; -3: 64; -4: 79; 5: 8; -5: 68; 6: 21; -6: 81; 7: 77; -7: 86; 8: 179; -8: 100; 9: 447; -9: 106; 10: 895; -10: 150; 11: 1442; -11: 151; 12: 2281; -12: 159; 13: 3140; -13: 188; 14: 4360; -14: 164; 15: 5337; -15: 232; 16: 7626; -16: 195; 17: 11862; -17: 198; 18: 9044; -18: 167; 19: 8621; -19: 178; 20: 9768; -20: 155; 21: 8643; -21: 94; 22: 6275; -22: 67; 23: 4766; -23: 48; 24: 3839; -24: 61; 25: 2963; -25: 33; 26: 1943; -26: 21; 27: 1320; -27: 15; 28: 857; -28: 14; 29: 489; -29: 8; 30: 332; -30: 7; 31: 218; -31: 5; 32: 107; -32: 3; 33: 72; -33: 1; 34: 40; -34: 2; 35: 24; 36: 10; 37: 3; 38: 2; 40: 2; 41: 1; 42: 1; 43: 1; 46: 1}
2025-10,48454315961,{-1: 3; -2: 26; -3: 22; -4: 16; 5: 3; -5: 23; 6: 7; -6: 20; 7: 21; -7: 37; 8: 24; -8: 26; 9: 109; -9: 36; 10: 261; -10: 45; 11: 370; -11: 68; 12: 628; -12: 43; 13: 944; -13: 84; 14: 1472; -14: 57; 15: 1971; -15: 76; 16: 3190; -16: 60; 17: 5463; -17: 75; 18: 5196; -18: 79; 19: 5882; -19: 93; 20: 8039; -20: 79; 21: 8995; -21: 110; 22: 7928; -22: 73; 23: 7492; -23: 106; 24: 7060; -24: 69; 25: 6488; -25: 68; 26: 5602; -26: 43; 27: 4723; -27: 58; 28: 3940; -28: 21; 29: 3037; -29: 32; 30: 2503; -30: 17; 31: 1880; -31: 20; 32: 1478; -32: 16; 33: 1011; -33: 10; 34: 756; -34: 10; 35: 534; -35: 7; 36: 394; -36: 7; 37: 265; -37: 5; 38: 195; -38: 5; 39: 129; -39: 4; 40: 100; -40: 5; 41: 75; -41: 6; 42: 53; -42: 2; 43: 38; 44: 33; -44: 1; 45: 13; -45: 1; 46: 10; 47: 10; 48: 5; 49: 1; -49: 1; 50: 3; 52: 1; 53: 1; -53: 1; -70: 1},{-1: 2; -2: 28; -3: 29; -4: 23; 5: 3; -5: 31; 6: 6; -6: 40; 7: 25; -7: 56; 8: 77; -8: 49; 9: 207; -9: 66; 10: 444; -10: 69; 11: 729; -11: 89; 12: 1260; -12: 114; 13: 1760; -13: 120; 14: 2650; -14: 96; 15: 3438; -15: 137; 16: 5493; -16: 116; 17: 9054; -17: 133; 18: 7522; -18: 111; 19: 7969; -19: 106; 20: 9803; -20: 130; 21: 9767; -21: 110; 22: 7908; -22: 66; 23: 6608; -23: 84; 24: 5975; -24: 53; 25: 4750; -25: 41; 26: 3625; -26: 30; 27: 2740; -27: 28; 28: 1901; -28: 16; 29: 1378; -29: 12; 30: 967; -30: 8; 31: 665; -31: 9; 32: 445; -32: 9; 33: 284; -33: 6; 34: 180; -34: 6; 35: 117; -35: 1; 36: 82; -36: 4; 37: 44; -37: 2; 38: 34; 39: 19; 40: 11; -40: 1; 41: 7; 42: 8; 43: 5; -43: 1; 44: 3; 45: 1; 46: 1; 48: 1; 51: 2},{-1: 7; -2: 55; -3: 54; -4: 63; 5: 5; -5: 62; 6: 29; -6: 103; 7: 50; -7: 95; 8: 178; -8: 86; 9: 471; -9: 107; 10: 904; -10: 101; 11: 1475; -11: 168; 12: 2208; -12: 169; 13: 3125; -13: 176; 14: 4331; -14: 191; 15: 5245; -15: 197; 16: 7685; -16: 236; 17: 11951; -17: 183; 18: 9034; -18: 160; 19: 8685; -19: 139; 20: 9772; -20: 127; 21: 8575; -21: 133; 22: 6233; -22: 71; 23: 4867; -23: 55; 24: 3910; -24: 37; 25: 2982; -25: 28; 26: 1927; -26: 24; 27: 1319; -27: 16; 28: 812; -28: 11; 29: 519; -29: 11; 30: 352; -30: 1; 31: 214; -31: 4; 32: 105; -32: 2; 33: 59; -33: 2; 34: 51; 35: 23; 36: 8; 37: 12; 38: 4; 39: 3; -39: 1; 40: 1; -42: 1}
2025-11,53035759834,{-1: 1; -2: 13; -3: 14; -4: 16; 5: 3; -5: 21; 6: 2; -6: 26; 7: 11; -7: 23; 8: 37; -8: 22; 9: 100; -9: 42; 10: 213; -10: 37; 11: 357; -11: 41; 12: 653; -12: 50; 13: 915; -13: 65; 14: 1424; -14: 49; 15: 1921; -15: 76; 16: 2774; -16: 63; 17: 4843; -17: 94; 18: 4708; -18: 72; 19: 5427; -19: 101; 20: 6826; -20: 91; 21: 7666; -21: 87; 22: 7260; -22: 75; 23: 7155; -23: 91; 24: 7379; -24: 72; 25: 6615; -25: 79; 26: 6067; -26: 60; 27: 5292; -27: 63; 28: 4607; -28: 57; 29: 3673; -29: 54; 30: 2987; -30: 30; 31: 2408; -31: 42; 32: 1784; -32: 25; 33: 1353; -33: 31; 34: 1073; -34: 12; 35: 800; -35: 12; 36: 561; -36: 4; 37: 373; -37: 9; 38: 286; -38: 4; 39: 209; -39: 3; 40: 135; -40: 6; 41: 124; -41: 1; 42: 67; -42: 1; 43: 55; -43: 1; 44: 40; -44: 2; 45: 24; 46: 18; 47: 14; 48: 9; 49: 5; -49: 1; 50: 4; -50: 1; 53: 2; 54: 1},{-1: 6; -2: 30; -3: 35; -4: 24; 5: 2; -5: 43; 6: 3; -6: 46; 7: 14; -7: 65; 8: 52; -8: 49; 9: 184; -9: 62; 10: 404; -10: 91; 11: 760; -11: 81; 12: 1154; -12: 82; 13: 1744; -13: 109; 14: 2574; -14: 93; 15: 3527; -15: 127; 16: 5169; -16: 132; 17: 8348; -17: 130; 18: 7052; -18: 107; 19: 7766; -19: 112; 20: 8654; -20: 105; 21: 8387; -21: 105; 22: 7647; -22: 79; 23: 6791; -23: 72; 24: 6224; -24: 62; 25: 5109; -25: 66; 26: 4207; -26: 51; 27: 3345; -27: 47; 28: 2529; -28: 26; 29: 1894; -29: 21; 30: 1378; -30: 18; 31: 948; -31: 21; 32: 656; -32: 14; 33: 455; -33: 6; 34: 295; -34: 8; 35: 188; -35: 10; 36: 154; -36: 4; 37: 94; -37: 1; 38: 56; -38: 2; 39: 36; -39: 1; 40: 19; 41: 17; 42: 4; 43: 4; -43: 2; 44: 5; 45: 4; 48: 1; 50: 1},{-1: 3; -2: 44; -3: 57; -4: 50; 5: 5; -5: 67; 6: 13; -6: 98; 7: 52; -7: 94; 8: 174; -8: 90; 9: 394; -9: 107; 10: 791; -10: 124; 11: 1531; -11: 139; 12: 2268; -12: 149; 13: 3074; -13: 198; 14: 4373; -14: 197; 15: 5249; -15: 223; 16: 7516; -16: 213; 17: 11328; -17: 204; 18: 8635; -18: 168; 19: 8455; -19: 160; 20: 8960; -20: 160; 21: 7932; -21: 106; 22: 6273; -22: 75; 23: 5112; -23: 70; 24: 4174; -24: 61; 25: 3387; -25: 38; 26: 2397; -26: 34; 27: 1623; -27: 28; 28: 1197; -28: 10; 29: 757; -29: 15; 30: 533; -30: 7; 31: 326; -31: 4; 32: 188; -32: 3; 33: 121; -33: 2; 34: 76; -34: 3; 35: 35; -35: 3; 36: 15; -36: 1; 37: 11; 38: 8; -38: 1; 39: 3; 40: 5; 41: 1; 43: 1; 48: 1}
2025-12,53035759834,{-1: 3; -2: 31; -3: 17; -4: 13; 5: 2; -5: 28; 6: 7; -6: 28; 7: 16; -7: 21; 8: 22; -8: 23; 9: 90; -9: 44; 10: 192; -10: 37; 11: 333; -11: 59; 12: 603; -12: 48; 13: 949; -13: 42; 14: 1476; -14: 55; 15: 1951; -15: 94; 16: 2866; -16: 71; 17: 4737; -17: 109; 18: 4550; -18: 80; 19: 5349; -19: 112; 20: 6884; -20: 72; 21: 7682; -21: 98; 22: 7364; -22: 81; 23: 7238; -23: 96; 24: 7391; -24: 74; 25: 6750; -25: 66; 26: 6215; -26: 55; 27: 5265; -27: 53; 28: 4602; -28: 36; 29: 3579; -29: 38; 30: 3052; -30: 38; 31: 2343; -31: 39; 32: 1788; -32: 21; 33: 1305; -33: 28; 34: 1045; -34: 14; 35: 680; -35: 19; 36: 529; -36: 13; 37: 385; -37: 13; 38: 267; -38: 8; 39: 194; -39: 7; 40: 143; -40: 3; 41: 107; -41: 4; 42: 81; -42: 7; 43: 49; 44: 33; 45: 20; -45: 1; 46: 13; -46: 1; 47: 19; 48: 11; 49: 6; -49: 2; 50: 5; 51: 1; -51: 1; 52: 1; -52: 1; 53: 1; 54: 3; 57: 2},{-1: 2; -2: 37; -3: 29; -4: 33; 5: 2; -5: 33; 6: 4; -6: 48; 7: 18; -7: 50; 8: 60; -8: 52; 9: 173; -9: 90; 10: 424; -10: 83; 11: 777; -11: 88; 12: 1132; -12: 77; 13: 1740; -13: 123; 14: 2533; -14: 119; 15: 3349; -15: 147; 16: 5102; -16: 122; 17: 8484; -17: 154; 18: 7166; -18: 106; 19: 7626; -19: 122; 20: 8510; -20: 126; 21: 8475; -21: 110; 22: 7469; -22: 75; 23: 6888; -23: 95; 24: 6172; -24: 77; 25: 5167; -25: 64; 26: 4196; -26: 41; 27: 3333; -27: 41; 28: 2584; -28: 24; 29: 1897; -29: 25; 30: 1423; -30: 21; 31: 954; -31: 14; 32: 659; -32: 10; 33: 468; -33: 7; 34: 335; -34: 5; 35: 237; -35: 6; 36: 119; -36: 4; 37: 88; -37: 3; 38: 59; -38: 1; 39: 37; -39: 3; 40: 28; 41: 18; -41: 1; 42: 5; -42: 1; 43: 10; 44: 6; 45: 1; 46: 2; 47: 1},{-1: 5; -2: 58; -3: 52; -4: 53; 5: 2; -5: 60; 6: 14; -6: 109; 7: 39; -7: 90; 8: 159; -8: 103; 9: 407; -9: 127; 10: 882; -10: 130; 11: 1505; -11: 159; 12: 2203; -12: 161; 13: 3156; -13: 173; 14: 4225; -14: 177; 15: 5294; -15: 210; 16: 7535; -16: 207; 17: 11405; -17: 192; 18: 8518; -18: 187; 19: 8633; -19: 145; 20: 8808; -20: 159; 21: 7861; -21: 125; 22: 6329; -22: 80; 23: 5197; -23: 81; 24: 4262; -24: 69; 25: 3219; -25: 35; 26: 2328; -26: 31; 27: 1676; -27: 29; 28: 1176; -28: 19; 29: 779; -29: 10; 30: 504; -30: 5; 31: 307; -31: 8; 32: 229; -32: 6; 33: 123; 34: 66; 35: 38; -35: 4; 36: 29; 37: 19; -37: 1; 38: 4; 39: 1; 40: 5; 41: 2; 46: 1}
2026-01,53035759834,{-1: 1; -2: 15; -3: 16; -4: 19; 5: 2; -5: 20; 6: 9; -6: 17; 7: 14; -7: 28; 8: 25; -8: 33; 9: 115; -9: 28; 10: 236; -10: 36; 11: 431; -11: 50; 12: 582; -12: 42; 13: 850; -13: 61; 14: 1362; -14: 48; 15: 1825; -15: 85; 16: 2861; -16: 79; 17: 4730; -17: 101; 18: 4593; -18: 69; 19: 5446; -19: 114; 20: 6916; -20: 84; 21: 7501; -21: 108; 22: 7303; -22: 93; 23: 7395; -23: 99; 24: 7311; -24: 64; 25: 6641; -25: 80; 26: 6168; -26: 56; 27: 5211; -27: 67; 28: 4722; -28: 62; 29: 3699; -29: 42; 30: 2998; -30: 41; 31: 2317; -31: 27; 32: 1864; -32: 16; 33: 1395; -33: 28; 34: 950; -34: 13; 35: 786; -35: 14; 36: 541; -36: 7; 37: 386; -37: 9; 38: 278; -38: 5; 39: 237; -39: 1; 40: 156; -40: 5; 41: 101; -41: 4; 42: 84; -42: 1; 43: 49; -43: 1; 44: 33; -44: 2; 45: 28; 46: 17; 47: 10; 48: 9; 49: 5; -49: 1; 50: 6; -50: 1; 51: 2; 52: 2; 55: 2; 56: 1; 57: 1; 62: 1},{-1: 5; -2: 37; -3: 24; -4: 24; 5: 4; -5: 33; 6: 5; -6: 50; 7: 16; -7: 52; 8: 38; -8: 46; 9: 146; -9: 77; 10: 424; -10: 68; 11: 780; -11: 84; 12: 1186; -12: 95; 13: 1756; -13: 110; 14: 2529; -14: 95; 15: 3473; -15: 135; 16: 5053; -16: 108; 17: 8373; -17: 135; 18: 6989; -18: 127; 19: 7701; -19: 131; 20: 8607; -20: 110; 21: 8276; -21: 95; 22: 7565; -22: 88; 23: 6829; -23: 95; 24: 6312; -24: 62; 25: 5070; -25: 64; 26: 4108; -26: 68; 27: 3407; -27: 47; 28: 2589; -28: 33; 29: 2005; -29: 28; 30: 1448; -30: 16; 31: 1057; -31: 19; 32: 665; -32: 6; 33: 472; -33: 13; 34: 343; 35: 200; -35: 5; 36: 129; -36: 3; 37: 83; -37: 1; 38: 60; -38: 4; 39: 39; -39: 1; 40: 22; -40: 1; 41: 20; 42: 10; 43: 4; 44: 4; 45: 2; 46: 2; 47: 2; 48: 1; 54: 1},{-1: 1; -2: 60; -3: 47; -4: 54; 5: 2; -5: 66; 6: 20; -6: 113; 7: 48; -7: 97; 8: 153; -8: 89; 9: 394; -9: 145; 10: 887; -10: 103; 11: 1462; -11: 154; 12: 2256; -12: 175; 13: 3081; -13: 178; 14: 4289; -14: 193; 15: 5489; -15: 222; 16: 7579; -16: 207; 17: 11331; -17: 184; 18: 8410; -18: 157; 19: 8432; -19: 162; 20: 8954; -20: 150; 21: 7963; -21: 102; 22: 6265; -22: 84; 23: 4945; -23: 61; 24: 4231; -24: 49; 25: 3314; -25: 50; 26: 2412; -26: 31; 27: 1735; -27: 30; 28: 1228; -28: 11; 29: 784; -29: 11; 30: 550; -30: 11; 31: 309; -31: 11; 32: 198; -32: 1; 33: 102; -33: 2; 34: 79; -34: 2; 35: 32; -35: 2; 36: 23; 37: 8; 38: 6; 39: 5; 40: 4; 41: 3; 43: 1; 44: 1}
